title,url,thumbnail_url,channel,description
–û–¥–Ω–æ–≥–æ —Ä–∞–∑—É —É –í—ñ–ª—å–Ω—é—Å—ñ. –Ø–∫ –ê—Ö–º–µ—Ç–æ–≤ —à—É–∫–∞—î –∫–∞–Ω–¥–∏–¥–∞—Ç—ñ–≤ –≤ –ø—Ä–µ–∑–∏–¥–µ–Ω—Ç–∏,https://www.youtube.com/watch?v=jci47lqpMJU,https://i.ytimg.com/vi/jci47lqpMJU/hqdefault.jpg?sqp=-oaymwEcCPYBEIoBSFXyq4qpAw4IARUAAIhCGAFwAcABBg==&rs=AOn4CLDE6XD2mh-cL34S4NCeVTl8dwh2Tg,–£–∫—Ä–∞—ó–Ω—Å—å–∫–∞ –ø—Ä–∞–≤–¥–∞,–£ –ø–æ–Ω–µ–¥—ñ–ª–æ–∫ 22 –ª–∏—Å—Ç–æ–ø–∞–¥–∞ –∫–æ–ª–∏—à–Ω—ñ–π –º—ñ–Ω—ñ—Å—Ç—Ä –≤–Ω—É—Ç—Ä—ñ—à–Ω—ñ—Ö —Å–ø—Ä–∞–≤ –ê—Ä—Å–µ–Ω –ê–≤–∞–∫–æ–≤ –æ–ø—É–±–ª—ñ–∫—É–≤–∞–≤ —Ñ–æ—Ç–æ —ñ–∑ –Ω–∞–ø–∏—Å–æ–º ‚Äú—Ü–µ...
"–í–ª–∞–¥–∏–º–∏—Ä –ó–µ–ª–µ–Ω—Å–∫–∏–π –≤ –í–µ—Ä—Ö–æ–≤–Ω–æ–π –†–∞–¥–µ, 1 –¥–µ–∫–∞–±—Ä—è 2021 –≥–æ–¥–∞",https://www.youtube.com/watch?v=x9rf5XDbPoc,https://i.ytimg.com/vi/x9rf5XDbPoc/hqdefault.jpg?sqp=-oaymwEcCPYBEIoBSFXyq4qpAw4IARUAAIhCGAFwAcABBg==&rs=AOn4CLCmAFF5pQ3lcvT0CDZ4A9fDBXn4Hw,–¢–°–ù,–ü–æ—Å–ª–∞–Ω–∏–µ –ø—Ä–µ–∑–∏–¥–µ–Ω—Ç–∞ –í–ª–∞–¥–∏–º–∏—Ä–∞ –ó–µ–ª–µ–Ω—Å–∫–æ–≥–æ –∫ –ø–∞—Ä–ª–∞–º–µ–Ω—Ç—É –æ –≤–Ω—É—Ç—Ä–µ–Ω–Ω–µ–º –∏ –≤–Ω–µ—à–Ω–µ–º –ø–æ–ª–æ–∂–µ–Ω–∏–∏ –£–∫—Ä–∞–∏–Ω—ã #–ó–µ–ª–µ–Ω—Å–∫–∏...
–ù–û–ß–¨ –≤ –ó–ê–ë–†–û–®–ï–ù–ù–û–ú –ó–ê–ú–ö–ï —Å –ø–æ–ª—Ç–µ—Ä–≥–µ–π—Å—Ç–æ–º –≤–æ –§–†–ê–ù–¶–ò–ò | GhostBuster –û—Ö–æ—Ç–Ω–∏–∫ –∑–∞ –ø—Ä–∏–≤–∏–¥–µ–Ω–∏—è–º–∏,https://www.youtube.com/watch?v=1X9RuTca9ts,https://i.ytimg.com/vi/1X9RuTca9ts/hqdefault.jpg?sqp=-oaymwEcCPYBEIoBSFXyq4qpAw4IARUAAIhCGAFwAcABBg==&rs=AOn4CLAGiqBUdCpi32ApAMSRZQs0N0Er6w,–î–∏–º–∞ –ú–∞—Å–ª–µ–Ω–Ω–∏–∫–æ–≤,–ö–æ—Å–º–∏—á–µ—Å–∫–∏ –≤—ã–≥–æ–¥–Ω–∞—è –∫–∞—Ä—Ç–∞ —Å –ø–æ–≤—ã—à–µ–Ω–Ω—ã–º –ø—Ä–æ—Ü–µ–Ω—Ç–æ–º –Ω–∞ –æ—Å—Ç–∞—Ç–æ–∫ ‚Äî https://l.tinkoff.ru/maslennikovnov —ç—Ç–æ –ù–û–ß–¨ –≤ –ó–ê–ë–†–û–®–ï–ù–ù–û–ú...
–§–µ–π–∫ –∏–ª–∏ –ø—Ä–∞–≤–¥–∞? –ú–ï–¢–ê–≤—Å–µ–ª–µ–Ω–Ω—ã–µ –∏ –ì–ò–ü–ï–†—Ä–µ–∞–ª—å–Ω–æ—Å—Ç—å ‚Äî –¢–û–ü–õ–ï–°,https://www.youtube.com/watch?v=ehCN52HN38A,https://i.ytimg.com/vi/ehCN52HN38A/hqdefault.jpg?sqp=-oaymwEcCPYBEIoBSFXyq4qpAw4IARUAAIhCGAFwAcABBg==&rs=AOn4CLCY72E_vYbPQWpBgk2MR-lDFLg9YA,–¢–û–ü–õ–ï–°,"–ö–∞–Ω–∞–ª The Walkers –ø—Ä–æ –ø—Ä–æ—Å—Ç—ã—Ö –ª—é–¥–µ–π, —Å–æ–≤–µ—Ä—à–∏–≤—à–∏—Ö –Ω–µ–≤–æ–∑–º–æ–∂–Ω–æ–µ: https://clik.cc/qPrrZ –ö–æ–ª–ª–µ–∫—Ü–∏—è NFT –æ—Ç –∫–æ–º–∞–Ω–¥—ã –¢–û–ü–õ–ï–°: https://bit.l..."
–ù–∞—á–∞–ª –∑–∞—Ä–∞–±–∞—Ç—ã–≤–∞—Ç—å –Ω–∞ –°–ø–µ—Ü-—Ç–µ—Ö–Ω–∏–∫–µ,https://www.youtube.com/watch?v=_3ZuOs_8vLE,https://i.ytimg.com/vi/_3ZuOs_8vLE/hqdefault.jpg?sqp=-oaymwEcCPYBEIoBSFXyq4qpAw4IARUAAIhCGAFwAcABBg==&rs=AOn4CLA0yZkBNMxY3yRFOozDudhFvl0qow,–ê–≤—Ç–æ—Å–∞–ª–æ–Ω –°–∏–Ω–¥–∏–∫–∞—Ç–∞,–ü–æ–ª—É—á–∏ 10% –∫—ç—à–±–µ–∫–∞ –ø—Ä–∏ –æ—Ñ–æ—Ä–º–ª–µ–Ω–∏–∏ –û–°–ê–ì–û –ø–æ –ø–æ–¥–ø–∏—Å–∫–µ PRO ‚Äî https://l.tinkoff.ru/avtosalonsindikatanov 15% –≥–æ–¥–æ–≤—ã—Ö –Ω–∞ –æ—Å—Ç–∞—Ç–æ–∫ –≤ –Ω–æ–≤–æ–π...
Exercise Ball Racing Is AWESOME üî¥üü°,https://www.youtube.com/watch?v=mWKXPnlUvg0,https://i.ytimg.com/vi/mWKXPnlUvg0/hqdefault.jpg?sqp=-oaymwEcCPYBEIoBSFXyq4qpAw4IARUAAIhCGAFwAcABBg==&rs=AOn4CLAP2u-6AwY1AV-019TKrrOqD1Aghg,How Ridiculous,
–°–õ–ï–î–ò–ú –ó–ê –ö–û–ë–Ø–ö–û–í–´–ú ! *–ú–´ –ù–ê–®–õ–ò –í–õ–ê–î–ê –ê4*,https://www.youtube.com/watch?v=DT7tk4rTVSc,https://i.ytimg.com/vi/DT7tk4rTVSc/hqdefault.jpg?sqp=-oaymwEcCPYBEIoBSFXyq4qpAw4IARUAAIhCGAFwAcABBg==&rs=AOn4CLB-slUZuQEztHogQwxaP5obSQrWoQ,A4,–ü–æ–∫—É–ø–∞–π –ú–µ—Ä—á –ê4 –Ω–∞ –æ—Ñ–∏—Ü–∏–∞–ª—å–Ω–æ–º —Å–∞–π—Ç–µ - https://a4shop.ru –ö–∞–Ω–∞–ª –ì–õ–ï–ù–¢–ê - https://bit.ly/2Gwxge4 –ö–∞–Ω–∞–ª –ö–û–ë–Ø–ö–û–í–ê - http://bit.ly/30eVTFS...
–ö–∞—Ö–∞ –∏ —Ç–µ–ª–µ—Ñ–æ–Ω,https://www.youtube.com/watch?v=SNte8P0YbPU,,–ö-Media,–ù–µ–ø–æ—Å—Ä–µ–¥—Å—Ç–≤–µ–Ω–Ω–æ –ö–∞—Ö–∞: —É –∫–æ–≥–æ —Ç–∞–∫–æ–µ –±—ã–ª–æ –ê–≤—Ç–æ—Ä –≤–∏–¥–µ–æ –ê—Ä—Ç–µ–º –ö–∞—Ä–æ–∫–æ–∑—è–Ω https://www.instagram.com/artem_karokoz ...
–ù–∞–ø—Ä–æ–ª–æ–º / Lockout (2012) / –ì–∞–π –ü–∏—Ä—Å –≤ —Ñ–∞–Ω—Ç–∞—Å—Ç–∏—á–µ—Å–∫–æ–º –±–æ–µ–≤–∏–∫–µ –ø—Ä–æ –ø–æ–±–µ–≥ –∏–∑ –∫–æ—Å–º–∏—á–µ—Å–∫–æ–π —Ç—é—Ä—å–º—ã,https://www.youtube.com/watch?v=HBvRzZChvmk,,–ö–∏–Ω–æ —Å —Ö–∞—Ä–∞–∫—Ç–µ—Ä–æ–º,–°–º–æ—Ç—Ä–∏—Ç–µ –æ–Ω–ª–∞–π–Ω —Ñ–∏–ª—å–º ¬´–ù–∞–ø—Ä–æ–ª–æ–º¬ª –ø—Ä—è–º–æ —Å–µ–π—á–∞—Å –Ω–∞ –Ω–∞—à–µ–º YouTube-–∫–∞–Ω–∞–ª–µ. –û—Ä–±–∏—Ç–∞–ª—å–Ω–∞—è —Å—Ç–∞–Ω—Ü–∏—è MS1 ‚Äì –∫—Ä—É–ø–Ω–µ–π—à–∞—è...
üî• –¶–µ —Å—Ä–∞–º –Ω–∞ –≤—Å—é –¥–µ—Ä–∂–∞–≤—É! / –ú–û–°–ö–ê–õ–¨ —Å–º–∞–ª–∏—Ç—å –ø—Ä–µ—Å–º–∞—Ä–∞—Ñ–æ–Ω –ó–ï–õ–ï–ù–°–¨–ö–û–ì–û,https://www.youtube.com/watch?v=XfDBeUpFCo4,,–¢–µ–ª–µ–∫–∞–Ω–∞–ª –ü—Ä—è–º–∏–π,"üì¨ –ü—ñ–¥–ø–∏—Å—É–π—Ç–µ—Å—å –Ω–∞ –¢–µ–ª–µ–∫–∞–Ω–∞–ª –ü—Ä—è–º–∏–π –≤ YouTube ‚Äî https://bit.ly/pryamiy üîî —Ç–∏—Å–Ω—ñ—Ç—å –Ω–∞ ¬´–¥–∑–≤–æ–Ω–∏–∫¬ª, —â–æ–± –æ—Ç—Ä–∏–º—É–≤–∞—Ç–∏ —Å–ø–æ–≤—ñ—â–µ–Ω–Ω..."
–û—Ç–≤–µ—Ç–∫–∞ –ú–∏—à–µ. –î–µ–ª–æ ‚Ññ5,https://www.youtube.com/watch?v=kK-M_z-pC5U,,–î–∂–µ–Ω—Ç–ª—å–º–µ–Ω—ã –°–∏–Ω–¥–∏–∫–∞—Ç–∞,"https://wtplay.link/zakharov ‚Äî –∫–∞—á–∞–π War Thunder –±–µ—Å–ø–ª–∞—Ç–Ω–æ, –∑–∞–±–∏—Ä–∞–π —Å–≤–æ–π –±–æ–Ω—É—Å –ø—Ä–∏ —Ä–µ–≥–∏—Å—Ç—Ä–∞—Ü–∏–∏: —Ç–µ—Ö–Ω–∏–∫–∞ –Ω–∞ –≤—ã–±–æ—Ä –∏ 3 –¥–Ω—è –ø—Ä–µ–º–∏—É..."
–†–∞–±–æ—Ç–∞—Ç—å –≤ –ú–û–†–ì–ï –¥–æ–≤–æ–ª—å–Ω–æ —É–≤–ª–µ–∫–∞—Ç–µ–ª—å–Ω–æ..,https://www.youtube.com/watch?v=2tp1Yn6WAh8,,TheBrianMaps,‚Ä¢ –ü–æ–¥–ø–∏—à–∏—Å—å https://www.youtube.com/user/thebrianmaps?sub_confirmation=1 ‚Ä¢ –ò–Ω—Å—Ç–∞–≥—Ä–∞–º: https://instagram.com/brianmaps ‚Ä¢ –í—Ç–æ—Ä–æ–π –∫–∞–Ω–∞–ª: http://www.youtube.com/user...
–ü–†–û–í–ï–†–ö–ê MAGIC FIVE –ù–ê –î–ï–¢–ï–ö–¢–û–†–ï –õ–ñ–ò 9,https://www.youtube.com/watch?v=_CypYvEFg20,,Magic Five,–¢—Ä–µ–∫ BARO –Ω–∞ –≤—Å–µ—Ö –ø–ª–æ—â–∞–¥–∫–∞—Ö - https://dnkmusic.ru/sonsonson –¢–í–û–ô –ü–û–î–ê–†–û–ö -60% –£–ñ–ï –ñ–î–ï–¢ –¢–ï–ë–Ø - https://wmshop.co/wm_detector9 –ê–Ω–∫–µ—Ç–∞ –≤ MAGIC...
–°–ï–ù–°–ê–¶–ò–Ø! –ê–ª–µ–∫—Å–∞–Ω–¥—Ä –ï–º–µ–ª—å—è–Ω–µ–Ω–∫–æ vs. –ú–∞—Ä—Å–∏–æ –°–∞–Ω—Ç–æ—Å / Emelianenko vs. Santos Gamach,https://www.youtube.com/watch?v=wfZhl73DedM,,FIGHT NIGHTS GLOBAL TV,–¢–ê–ö–û–ì–û –ù–ò–ö–¢–û –ù–ï –û–ñ–ò–î–ê–õ! –ê–ª–µ–∫—Å–∞–Ω–¥—Ä –ï–º–µ–ª—å—è–Ω–µ–Ω–∫–æ vs. –ú–∞—Ä—Å–∏–æ –°–∞–Ω—Ç–æ—Å / Emelianenko vs. Santos Gamach #–ê–ª–µ–∫—Å–∞–Ω–¥—Ä–ï–º–µ–ª—å—è–Ω–µ–Ω–∫–æ...
Comment Out #37 / –Æ–ª—è –ì–∞–≤—Ä–∏–ª–∏–Ω–∞ x –ê–Ω—è –•–∏–ª—å–∫–µ–≤–∏—á,https://www.youtube.com/watch?v=Bti9iAtbZzo,,–ß–∏–∫–µ–Ω –ö–∞—Ä—Ä–∏,"–ü—Ä–µ–º—å–µ—Ä–∞ —Ä–µ–∞–ª–∏—Ç–∏-—à–æ—É ""–°–µ–º–µ–π—Å—Ç–≤–æ –ß–∏–∫–µ–Ω–∫–∞—Ä—å—è–Ω"" –≤ –¥–µ–∫–∞–±—Ä–µ! –õ–æ–≤–∏ —Å–∫–∏–¥–∫—É 20% –Ω–∞ –º—É–∂—Å–∫–∏–µ –ø—Ä–∏–±–æ—Ä—ã Rowenta –ø–æ –ø—Ä–æ–º–æ–∫–æ–¥—É..."
–ü–∞—Ç—Ä—É—à–µ–≤ –≥–æ—Ç–æ–≤–∏—Ç –ø—Ä–æ–≤–æ–∫–∞—Ü–∏—é –∏ —Ä–∞–∫–µ—Ç–Ω—ã–µ –æ–±—Å—Ç—Ä–µ–ª—ã. –û—Ç–≤–µ—Ç –±—É–¥–µ—Ç –∞—Å–∏–º–º–µ—Ç—Ä–∏—á–Ω—ã–º | –°—Ç—É–¥–∏—è –ó–∞–ø–∞–¥,https://www.youtube.com/watch?v=2xlTpLK4CI8,,Espreso.TV,–í —ç—Ñ–∏—Ä–µ —Ç–µ–ª–µ–∫–∞–Ω–∞–ª–∞ –≠—Å–ø—Ä–µ—Å–æ –ê–Ω–¥—Ä–µ–π –ü–∏–æ–Ω—Ç–∫–æ–≤—Å–∫–∏–π –ø–æ–ª–∏—Ç–æ–ª–æ–≥ (–í–∞—à–∏–Ω–≥—Ç–æ–Ω): –ü–∞—Ç—Ä—É—à–µ–≤ –≥–æ—Ç–æ–≤–∏—Ç –ø—Ä–æ–≤–æ–∫–∞—Ü–∏—é –∏ —Ä–∞–∫–µ—Ç–Ω...
"–ú–∏—Ñ—ã, –≤ –∫–æ—Ç–æ—Ä—ã–µ –º—ã –≤–µ—Ä–∏–º #14",https://www.youtube.com/watch?v=isW8jWoEPGE,,Utopia Show,–£—á–∞—Å—Ç–≤—É–π –≤ —Ä–∞—Å–ø—Ä–æ–¥–∞–∂–µ –ß–µ—Ä–Ω–∞—è –ü—è—Ç–Ω–∏—Ü–∞ ‚Äî https://letyshops.onelink.me/zrnH/a78eb87e - —Å–∫–∏–¥–∫–∏ –¥–æ 70% –∏ –∫—ç—à–±—ç–∫ –¥–æ 30%! –ü–æ–ª–µ–∑–Ω–æ–µ —Ä–∞—Å—à–∏—Ä...
"üí• –°–û–†–û–ú–ù–û! –ö–æ–º–∞—Ä–æ–≤—Å—å–∫–∏–π - –ü–†–ê–í–î–£ –ø—Ä–æ –ó–µ–ª–µ–Ω—Å—å–∫–æ–≥–æ —ñ –∂—É—Ä–Ω–∞–ª—ñ—Å—Ç—ñ–≤ / –ü—ñ–¥—Å—É–º–∫–∏ –º—ñ—Å—è—Ü—è, 26.11 - –£–∫—Ä–∞—ó–Ω–∞ 24",https://www.youtube.com/watch?v=YofGLQvoLSo,,–£–∫—Ä–∞—ó–Ω–∞ 24,üá∫üá¶ üß° –ü–Ü–î–ü–ò–°–£–ô–¢–ï–°–¨ –ù–ê –ö–ê–ù–ê–õ https://cutt.ly/cEcSgEu –õ—ñ–∫–∞—Ä –Ñ–≤–≥–µ–Ω –ö–æ–º–∞—Ä–æ–≤—Å—å–∫–∏–π –ø—Ä–æ–∫–æ–º–µ–Ω—Ç—É–≤–∞–≤ –ø—Ä–µ—Å-–º–∞—Ä–∞—Ñ–æ–Ω –ø—Ä–µ–∑–∏–¥–µ–Ω—Ç...
"""–í–∞–º –º–∞—î –±—É—Ç–∏ —Å–æ—Ä–æ–º–Ω–æ, –ø—Ä–µ–∑–∏–¥–µ–Ω—Ç–µ"" - –ë—É—Ç—É—Å–æ–≤ –ø–æ—Å–≤–∞—Ä–∏–≤—Å—è —ñ–∑ –ó–µ–ª–µ–Ω—Å—å–∫–∏–º –Ω–∞ –ø—Ä–µ—Å-–º–∞—Ä–∞—Ñ–æ–Ω—ñ",https://www.youtube.com/watch?v=uNEBqJjf264,,–£–∫—Ä–∞—ó–Ω—Å—å–∫–∞ –ø—Ä–∞–≤–¥–∞,–ü–æ–≤–Ω–µ –≤—ñ–¥–µ–æ —Å–≤–∞—Ä–∫–∏ –≥–æ–ª–æ–≤–Ω–æ–≥–æ —Ä–µ–¥–∫—Ç–æ—Ä–∞ –¶–µ–Ω–∑–æ—Ä.–ù–µ—Ç –Æ—Ä—ñ—è –ë—É—Ç—É—Å–æ–≤–∞ –∑ –ø—Ä–µ–∑–∏–¥–µ–Ω—Ç–æ–º –í–æ–ª–æ–¥–∏–º–∏—Ä–æ–º –ó–µ–ª–µ–Ω—Å—å–∫–∏–º. ...
DOROFEEVA ‚Äì –Ø —Ç–≤–æ—è –Ω–µ –ø–µ—Ä–≤–∞—è (Mood Video),https://www.youtube.com/watch?v=EIzNGs_djv0,,DOROFEEVA,–Ø —Ä–∞–¥–∞ –ø—Ä–∏–Ω—è—Ç—å —É—á–∞—Å—Ç–∏–µ –≤ –º–µ–∂–¥—É–Ω–∞—Ä–æ–¥–Ω–æ–º —Ç—Ä–∏–±—å—é—Ç–µ –≥—Ä—É–ø–ø—ã ¬´–¢–∞—Ç—É¬ª –∏ –ø—Ä–∏–∫–æ—Å–Ω—É—Ç—å—Å—è –∫ –ø–µ—Å–Ω–µ ¬´–Ø —Ç–≤–æ—è –Ω–µ –ø–µ—Ä–≤–∞—è¬ª...
